id,name,model_id,group_id/id,operation,domain
access_travel_destination_user,travel.destination.user,travel.destination,base.group_user,r,
access_travel_destination_sales,travel.destination.sales,travel.destination,sales_team.group_sale_salesman,cru,
access_travel_destination_manager,travel.destination.manager,travel.destination,sales_team.group_sale_manager,crud,
access_travel_payment_installment_sales,travel.payment.installment.sales,travel.payment.installment,sales_team.group_sale_salesman,cru,
access_travel_payment_installment_manager,travel.payment.installment.manager,travel.payment.installment,sales_team.group_sale_manager,crud,
access_travel_call_log_sales,travel.call.log.sales,travel.call.log,sales_team.group_sale_salesman,cru,
access_travel_call_log_manager,travel.call.log.manager,travel.call.log,sales_team.group_sale_manager,crud,
access_travel_export_field_user,travel.export.field.user,travel.export.field,base.group_user,r,
access_travel_export_field_manager,travel.export.field.manager,travel.export.field,sales_team.group_sale_manager,crud,
access_travel_export_wizard_sales,travel.export.wizard.sales,travel.export.wizard,sales_team.group_sale_salesman,crud,
access_travel_export_wizard_line_sales,travel.export.wizard.line.sales,travel.export.wizard.line,sales_team.group_sale_salesman,crud,
access_travel_lead_qualification_wizard_sales,travel.lead.qualification.wizard.sales,travel.lead.qualification.wizard,sales_team.group_sale_salesman,crud,
access_travel_crm_dashboard_user,travel.crm.dashboard.user,travel.crm.dashboard,base.group_user,crud,
access_travel_package_user,travel.package.user,travel.package,base.group_user,r,
access_travel_package_sales,travel.package.sales,travel.package,sales_team.group_sale_salesman,cru,
access_travel_package_manager,travel.package.manager,travel.package,sales_team.group_sale_manager,crud,
access_travel_itinerary_line_sales,travel.itinerary.line.sales,travel.itinerary.line,sales_team.group_sale_salesman,crud,
access_travel_itinerary_line_manager,travel.itinerary.line.manager,travel.itinerary.line,sales_team.group_sale_manager,crud,



